,uid,mid,usrname,mname
0,45237,29944,melopa,7 Wonders of the World Map
1,45239,23612,ithoib,Lokerku.web.id
2,45247,26109,Arser,My Friends Mosaic
3,45247,23675,Arser,Price Drop You Save
4,45221,23245,weglore,Weglore: Geotag Photos & Geo News
5,45223,23298,kadevee,Padvark.nl
6,45224,23450,pablobonesi,ArgenCities
7,45263,23817,perarnborg,PixtaPlace
8,45266,28485,bobbydee,Adhysteria
9,45267,23851,ewahsom,Jobs Search and Salary Research
10,45263,23817,perarnborg,PixtaPlace
11,45271,23890,mystickahuna,Academic Ranking of World Universities (Shanghai Ranking)
12,45284,27461,gwannon,Gwannon.com
13,45296,24086,parawing742,Mapify.us
14,45304,30106,yourmapper,Louisville Metro Mapper
15,45315,24181,ajaxgaier,Real Indoor
16,45316,24542,planzap2012,PlanZap
17,45323,24221,wisnu,Scholarship Database
18,45329,24277,avishai,Apartable
19,45329,27432,avishai,Gridpop
20,45338,24310,neomind,localiz.me
21,45343,24324,jndorazio,Television Show Settings
22,45349,26408,francesl,250 Wedding Tent Venues
23,45350,24364,rbaker86,Strange Strollers Oxfam Trailtrekker 2012 Training Map
24,45373,25184,dbreaker,AccentTraining.net
25,45376,30012,daveschappell,Easy School Search
26,45376,28080,daveschappell,Learnit Lists
27,45376,25717,daveschappell,You Can Learn
28,45376,25917,daveschappell,TeachStreet
29,45376,30008,daveschappell,WikiMapia
30,45387,24414,charlienumber7,VIDVIDOO
31,45404,24937,davewsward,Loudoun County Stream Assessment
32,45407,24975,JCook21,Rendezview
33,45409,24981,wenugopal,World of Facebook Friends.
34,45414,25009,cyclingthealps,Cycling the Alps
35,45435,25173,vmap,VMAP
36,45441,30029,rmarcd,Homethinking
37,45441,26294,rmarcd,DoorFly.com Agent Notifications
38,45443,27587,emang,4hoursearch
39,45443,25847,emang,Eldoxea
40,45453,26271,Artemis8,Premier Inn Hotels Route Planner
41,45454,26171,mattholl,The Tracktor - Amazon Price Tracker
42,45455,25327,narphorium,Freebase Sets
43,45456,25316,etheriau,myscenicdrives
44,45471,25483,tvfoodmaps,TVFoodMaps
45,45474,25513,manatok,GeoCam
46,45485,25118,helioid,Helioid Search
47,45485,25566,helioid,Snaggle
48,45491,26646,subnet,Tweetshirt
49,45502,25670,BachsaiblingE,MeetSomewhere
50,45505,25695,alexR75,Localliser
51,45506,26411,daniel_halldin,SvD weather
52,45509,25729,lbudlong,ZonabilitySF
53,45519,25751,TBPL,The Big Property List
54,45521,25753,MeechMe,MeechMe
55,45540,28815,hemmeter,Arrowpointe Maps
56,45540,25860,hemmeter,Geopointe
57,45544,24086,yoted,Mapify.us
58,45549,25968,0xEugene,G4ng
59,45576,26104,deshabhishek007,MyLocalTribune
60,45588,26145,tbrehme,BlockWild
61,45604,26215,mapMyflickr,mapMyflickr
62,45606,26267,enjoyeverywhere,WeGooo
63,45610,26281,escapethis,E.P. Carrillo
64,45627,26366,maps4fun,maps4fun
65,45632,26390,michelem,TweetUrMusic
66,45632,27892,michelem,Twitter Spy
67,45637,26405,burgesk,Baseball Stadiums Map - All Levels
68,45639,26421,antodimo,Place Your Point on Map
69,45644,26444,Rintaro,SOHO-Rintaro
70,45668,26564,Scootergal,Motorcycle Network
71,45679,26616,webster,Indeed Dump-All-Job-Locations to Google Maps
72,45698,29080,nimisis,Gridmarker for Second Life
73,45698,29285,nimisis,GPS Tracks
74,45698,29081,nimisis,House Price Heat Map
75,45698,29068,nimisis,Lord of the Rings Maps
76,45698,29282,nimisis,Domain Tools
77,45698,29279,nimisis,Guitarscales Drawer
78,45698,29072,nimisis,Livelook
79,45698,29139,nimisis,All Around China - Live China 360 Search
80,45698,29262,nimisis,Unype.com
81,45698,29273,nimisis,Berlin Tischtennis
82,45700,26863,fliks,SmartGuide Africa
83,45719,26785,aarontkennedy,GMap Friends
84,45735,26875,emilk,Booli.se
85,45737,28529,vladocar,Web 2.0 Filter
86,45737,28893,vladocar,Web Programming Jobs
87,45737,28354,vladocar,Country Search
88,45737,29209,vladocar,Maps for Photos and Wikipedia
89,45737,29308,vladocar,Creative Photos from Flickr
90,45741,26914,Terminator3d,World Sports Team and Stadium Search
91,45747,26955,ekimak,Sandrific
92,45768,27162,amit_chauhan,Domain Geographic Location
93,45786,27281,baybedava,OMOM - Online Members On Map
94,45805,27391,bbruce,MapMyPage
95,45813,27491,churwitz,Movie Showtimes Map
96,45823,27542,doctorcom,Doctor.com Doctor Search
97,45845,27729,tuf,TVtrip
98,45846,27739,sdiama,Spot a Hotel
99,45856,27829,CityWalker79,Golbal Hotel Price Map
100,45858,27835,81solutions,IP Location Lookup
101,45869,30604,JazzDeben,OnOneMap
102,45874,27922,qubitinua,Supercars on the map
103,45877,28570,mattcollins,Localmouth
104,45886,27987,gugnin,Moscow Routes
105,45897,28631,adeibiza,All of Ibiza from one Google Map
106,45922,28268,balistik,Live Sports Map
107,45929,28300,alexn,CribQ Rental Housing Dashboard
108,45935,28357,mapmyglobe,MapMyGlobe
109,45963,28545,vmarotto,GeoPix Fractal View
110,45973,28597,mapaza,French Real Estate and Jobs
111,45982,28635,dedy,WA Fuel Finder
112,45984,28643,ibegtin,Russia public government procurement
113,45991,28682,danf,"MyGeoPosition.com - Geocoding, Geotag- and KML-Creator"
114,46010,28507,rdnk,MeteoSun
115,46011,28778,zerg,dewspot
116,46019,28814,PuReWebDev,OrderItOnTheWeb.com
117,46129,29471,manfmnantucket,Gruvr
118,46130,29473,petergallop@hot...,Shanklin Explorer
119,46135,24087,ppohler,GIF Spinner
120,46233,26716,beermann,Facebook Photo Browser
121,46233,26718,beermann,Google Spreadsheet Visualization
122,46233,27794,beermann,Flickr Scramble
123,46255,23214,apaterniti,FollowFly
124,46263,24990,ali1k,RDFaCE
125,46266,23050,DanielPeris,TheTool
126,46266,23044,DanielPeris,BeePlus
127,46286,24216,Lemurido,Gym sq
128,46292,24101,beeliked,BeeLiked
129,46301,23714,skram,Amtrak Train Routes
130,46301,24119,skram,Eldercare Locator by Phone or Text (SMS)
131,46306,24282,stcleezy,GermTrax
132,46316,24448,Monslab,The Heartweat
133,46319,24464,bubbasmith,BizScrambler
134,46322,23019,raubou,Bartagora
135,46326,24536,marnamo,Pixurl Social Search
136,46331,24620,voziq,VOZIQ - Actionable Social Media Analytics
137,46334,24636,briannic,PolitickerUSA
138,46338,24708,ryanwisc,LipMe
139,46350,24924,dorjeduck,Relax 
140,46358,25049,denbuzze,jQuery Lifestream
141,46382,25262,trancealot,Journamatic
142,46384,25420,jlulich,djtxt
143,46384,25682,jlulich,MusicLink.fm
144,46388,28827,toddlevy,Pleo HQ
145,46390,25411,ocellus,ocell.us
146,46402,25504,FotoFuze,FotoFuze
148,46405,25524,chaidosk,Why Do They Tweet
149,46429,25949,eatbytweet,eatbytweet
150,46435,26025,duniyadnd,User Trends in Twitter
151,46438,26033,rjkuyvenhoven,My City Now
152,46456,26134,shamekh,TwitLoader v 2.0 
153,46458,26155,zorrobiwan,Another Tweet On The Wall
154,46458,26869,zorrobiwan,TweeSpeed
155,46459,26156,hnag,Who Clicks My Links
156,46476,27271,yusukebe,LastLyrics
157,46476,29513,yusukebe,ZonTube
158,46477,26364,web64,Comedify
159,46504,26684,briansun,TwitDone - Twitter GTD
160,46505,26692,shiftb,TwitStat.us - Twitter Search Badge
161,46508,26702,dharmeshs,Twitter Grader
162,46517,26798,ryarwood,Hand Picked Twitter deadpool
163,46526,26853,danilon,Smiley Tweet
164,46527,26865,tfoe,tazaar
165,46530,26887,hopperomatic,NPRbackstory
166,46532,26970,xclricky,Twitter Sentiment
167,46532,26987,xclricky,NYT Trender
168,46541,26978,tjp,PicFog
169,46557,27093,jamesotron,Flittr
170,46566,27678,ankit_the_hawk,FriendCompare
171,46575,27480,iancorbin,NFL Quarterback passer rating simulator
172,46575,27659,iancorbin,digiPoem
173,46575,28491,iancorbin,Lyrics Muse
174,46575,27632,iancorbin,Twuzzer
175,46575,28151,iancorbin,Showcator
176,46575,29343,iancorbin,Wheel of Food
177,46575,30588,iancorbin,Hide and Seek
178,46581,28033,fenixapps,eFanMusic
179,46585,27793,greg.tracy,Memorybook
180,46585,27794,greg.tracy,Flickr Scramble
181,46585,27795,greg.tracy,Twitterville
182,46588,27880,funkyboy,Posty
183,46590,28005,joshuamckenty,BuyLater Beta
184,46597,28662,mathys,Mobypicture
185,46616,23637,javiergarciaesteban,Videva
186,46626,23917,mes0921,Music Spider
187,46640,24297,matol788,FindTheStream
188,46645,24381,suatatan,Kolay 閼存稒骞妌gilizce Oku
189,46645,24575,suatatan,MusicWall
190,46647,24408,AngieDavis,TinyTube
191,46653,24575,iamapanda,MusicWall
192,46665,25107,proteo,Raddio.tk
193,46667,25189,migu80,Supermetrics Data Grabber
194,46671,25335,botoole518,YTPlaylist.com
195,46674,25389,wolfgangpue,player4you
196,46748,28795,lambbrothers,Google Spreadsheets Editor
197,46748,27325,lambbrothers,TubeGraph
198,46748,28796,lambbrothers,Google Spreadsheets Viewer
199,46748,30588,lambbrothers,Hide and Seek
200,46774,27696,gaox2004,MP3 Albums and Songs Downloads
201,46780,30672,rsrobbins,Baebo
202,46788,27960,TinoTriste,Music.Podfire.org
203,46832,29430,tonightlife,Celebrity Sexy Video Finder
204,46855,27139,ombagrao22,Flickr Map
205,46868,26205,nhoizey,flickRate
206,46868,30553,nhoizey,flickRate
207,46884,23051,maikelgonzalez,Spotify Mood Music
208,46884,27214,maikelgonzalez,Slidemap
209,46884,29472,maikelgonzalez,TagMaps
210,46884,30511,maikelgonzalez,MotelPoint
211,46885,27417,Taras,NY Times 2008 Campaign Finances Remix
212,46886,27273,iangilman,Gimme Shiny
213,46895,27821,stevenstereo,Tag Galaxy
214,46896,28019,fragghetto,WRAPr
215,46902,28347,kadim,Flickr Image Fight
216,46906,28575,catogeorge,TextEcho.com
217,46925,25723,dartar,ReaderMeter
218,46937,23478,etrigg,etrigg.com
219,46938,23672,jayavallepu,Funny Vines - Thebestvines.tv
220,46938,23516,jayavallepu,Map Your List
221,46939,23547,brano,KPI watchdog
222,46943,24079,Laurens525,Ascendify Talent Community
223,46955,24873,Abraar,CircleCount
224,46956,24613,emotionai,Expressi
225,46990,26871,benbahrenburg,Food Geek
226,46990,26998,benbahrenburg,OK Travel Australia
227,47020,24331,flexiebooks,Flexi eBooks
228,47034,25634,salesclark,SalesClark
229,47074,27782,loudsight.com,Gifts Ideas Search
230,47082,28245,fractalien,SAVEonAtoZ.com
231,47091,28493,m1ck,Listmaniacc
232,47096,30748,cantiere,LivePlasma
233,47096,27440,cantiere,Hockey Shopper
234,47096,27441,cantiere,Pickii
235,47096,27457,cantiere,Ecotrunk
236,47096,29812,cantiere,DealsCloud
237,47096,30569,cantiere,Chitika
238,47116,26448,TaraUB,RepeaterStore Automated Tracking
239,47118,23617,mfetzer,Cloud Elements- Documents Hub
240,47118,23616,mfetzer,Cloud Elements- Messaging Hub
241,47124,24435,geoff_simpson,SkaFlash
242,47144,25409,BandonRandon,busAlert.me
243,47189,29279,robw33,Guitarscales Drawer
244,47201,25270,apishopzilla,Compare Prices Discount-Malin.com
245,47205,25854,ahochman,Commonplace
246,47246,27914,visualrinse,Dekaf Lovers
247,47246,28344,visualrinse,CoolerKreator
248,47256,29530,astrolicous,Astrolicio.us
249,47260,27697,samj,TrustSaaS
250,47268,27530,williamtheliar,Relight New York
251,47275,28466,PeteA2Z,MapYourMP
252,47277,28691,dealscart,Flight Simulator
253,47287,27784,rnc000,del.icio.us tag cleaner
254,47290,28625,mlaaker,Loc Amigos
255,47290,28626,mlaaker,Cocoalicious
256,47290,28627,mlaaker,delImport
257,47299,28168,banglo,Top20Hotness
258,47304,30757,dolphin_06_0000000,ACME GeoRSS Map Viewer
259,47305,26583,bdefore,Antenna
260,47333,27615,ericw,RadioCloud
261,47339,24323,kristineford,Crisply
262,47364,24108,mediascreen,Analytics Portfolio
263,47376,28649,sachin84jain,Touropia
264,47377,24589,immipad,immipad
265,47390,26712,wr1138,FedViewer
266,47398,29498,jvoss,schmedley
267,47398,28374,jvoss,Cloud Last.fm
268,47398,28856,jvoss,Free WiFi Hotspot Finder
269,47398,29671,jvoss,Tokyo Front
270,47398,28541,jvoss,Flickr Watch
271,47398,29433,jvoss,Theorie M
272,47398,29588,jvoss,Are You an A List Bloglebrity?
273,47398,29735,jvoss,25 Unsafest US Cities
274,47398,30563,jvoss,tvmap
275,47398,30920,jvoss,flickr graph
276,47416,26211,angelside,WooRank
277,47416,25570,angelside,URL Tara IP Lookup
278,47421,27239,steel123,AllAutoSites
279,47441,24070,intelaryinc,DealSauce
280,47481,28020,Curtis,Phone Events
281,47494,23864,flocsy,Smart Baby Cards
282,47508,26102,ngkong,PDFCast
283,47511,27289,maketop,BilaBila
284,47522,26949,LouCypher,Shorten URL
285,47522,26891,LouCypher,Blip.fm
286,47522,26749,LouCypher,qux.in
287,47522,27856,LouCypher,ZipMyUrl
288,47522,27420,LouCypher,Pixelpipe
289,47522,27006,LouCypher,Tweecious
290,47522,27014,LouCypher,SongSeek
291,47522,27140,LouCypher,Friendfeed on Flex
292,47522,27147,LouCypher,Twitter2FF
293,47526,26038,computerbiology,LiteNews
294,47535,24166,matagus,soundeer
295,47546,28212,ahmetalpbalkan,TwitterWho
296,47549,30790,alleyrubadeau,Map My Run
297,47568,27497,endriu63,Shophilia
298,47586,23842,brechiredu,Spoonacular
299,47592,23810,mvdw,Movie Finder
300,47595,22986,qbolton,Penny Parrot
301,47595,22983,qbolton,Standuply
302,47595,26047,qbolton,Streamdrag
303,47612,23021,pdfgeneratorapi,Printout Designer 2.0
304,47613,23038,Alex-Skorohodov,eSync Dashboard
305,47630,24255,brigitteen,nospeech3
306,47631,26569,PostalMethods,Send Snail Mail from Google Docs
307,47698,24678,mandubian,Hypertrout
308,47699,24208,jteplitz,Meetup and Chow Down
309,47704,28334,macrostandard,MacrosReader
310,47739,25598,TexInWien,Formstack to BatchBook
311,47739,25597,TexInWien,Cloud-Based Mail-Merge with BatchBook and Drawloop
312,47744,26851,scorpiolishan,GoBYO - Bring Your Own Wine Guide
313,47762,26781,denistn,View Docs Online
314,47776,24069,santhoshji,Ez School Bus Locator
315,47784,27513,invadereki,PrevURL
316,47787,28604,urbanor,LazyLibrary
317,47793,27746,pansapiens,Pubmed Faceoff
318,47795,23145,mesagh,Jabify
319,47814,23007,Tatil-Dukkani,Tatildukkani.com
320,47820,25434,edorcutt,Hoverme
321,47820,25935,edorcutt,ErrorStack.com
322,47825,24062,binaryblake,Yahoo Fantasy Tools
323,47827,23985,fastcashier,FastCashier Wallet
324,47835,29831,fashionaholics,Cogteeth.com
325,47842,23046,vietnam,tuntravel
326,47846,23080,dthorpe,USA Name Data (BigQuery Public Dataset)
327,47852,23116,info@allmyles.com,TapTravel
328,47852,23117,info@allmyles.com,Fireflies
329,47864,23099,Xornor,Development with WizIQ Virtual Classroom API
330,47865,23099,ankitfoldcode,Development with WizIQ Virtual Classroom API
331,47870,23884,pricespin,White-Label Shopping Price Comparison
332,47907,23004,kartik.shenoy,Mera Caar - Guide to Car Components
333,47919,23147,dhotson,99designs Tasks Slack Bot
334,47924,23269,TimeExtAPI,Time Extractor Chrome Extension
335,47934,23469,e9t,Politics in Korea
336,47948,24156,michaelyang521,ToastBank
337,47973,24590,portalix,smo.io
338,47986,23063,gregoryew,Feline Finder
339,47992,25735,liceta,Online Activity Catalog
340,48011,26105,perilun,CrocTail Corporate Watch
341,48019,27740,abedfarhan,Salesforce.com Sales Credit Approval Mashup
342,48019,27577,abedfarhan,Oracle OMM Mashup
343,48019,27629,abedfarhan,SalesForce De-duplication
344,48019,27630,abedfarhan,Salesforce Discount Approval
345,48019,27631,abedfarhan,Salesforce Customer Reference
346,48022,23747,Johnabraham87,Online Booking Software
